{
  "threshold": 0.5,
  "val_acc": 0.9989251066708862,
  "roc_auc": 0.9999829394328849
}