iter	MultiClass
0	0.02942775573
100	0.02925422687
200	0.02912767708
300	0.02898725884
400	0.02889934331
500	0.02879546879
600	0.02871930558
700	0.02865887092
799	0.02859020141
